brand,channel,ad_library_id,start_date,creative_type,headline,cta,landing_domain
Whatnot,Meta,100073841700317,2025-03-19,Image,"MIGUEL CABRERA (RC) ~ 2003 Fleer Trading Update Diamond Debut Insert",Install Now,itunes.apple.com
Whiteout Survival,Meta,113260751759588,2025-09-30,Video,"You must scour for resources in the ice field if you want to survive",Install Now,itunes.apple.com
Whiteout Survival,Meta,1109246461305253,2025-09-30,Video,"Play the Original, Play the Best!",Install Now,itunes.apple.com
Whiteout Survival,Meta,1133260751579588,2025-09-30,Video,"Play the Original, Play the Best!",Install Now,itunes.apple.com
Rocket Money,Meta,1973145533551754,2025-11-24,Image,"Track spending. Find savings. One simple app.",Install Now,rocketmoney.com
Last Z: Survival Shooter,Meta,1567276431079612,2025-11-24,Video,"Many failed before! Think you can do better?",Install Now,itunes.apple.com
Nike,Meta,161966936869658,2023-08-15,Image,"Entra a Nike.com y encuentra actualizaciones semanales de producto con envío gratis.",Shop Now,nike.com
Foot Locker,Meta,1233392195475044,2025-11-03,Image,"Get a deal on styles from fan-favorite brands.",Shop Now,footlocker.com
Intersport Elverys,Meta,1700063364126216,2024-10-09,Image,"Shop our best offers online NOW and get FREE standard delivery on orders over €70!",Shop Now,intersportelverys.ie
Nike,Meta,1016451784037642,2025-06-20,Image,"Get the gear that goes hard on and off the field.",Shop Now,nike.com
Whatnot,Meta,1502078871070045,2025-11-14,Video,"Yup, you can buy new outfits without breaking the bank. Save on fashion.",Shop Now,whatnot.com
Whatnot,Meta,1509773093567021,2025-11-14,Video,"Yup, you can buy new outfits without breaking the bank. Save on fashion.",Shop Now,whatnot.com
Airbnb,Meta,1183406630645322,2025-12-31,Image,"Reserve uma casa bem espaçosa, divirta-se com a família e chame um chef pra cozinhar enquanto você relaxa. Alguma dúvida?",Book Now,airbnb.com
Airbnb,Meta,1904059710190770,2026-01-01,Image,"Book a home where you can spread out, do fun stuff together, and get someone to make you meatballs…any questions?",Book Now,airbnb.com
Ubud Zen River House,Meta,315137118208088,2024-02-28,Image,"Ubud Zen River House",Book Now,airbnb.com
Airbnb,Meta,763222336056603,2026-01-01,Image,"Now you can Airbnb more than an Airbnb.",Learn More,airbnb.com
Airbnb,Meta,4195445590714618,2026-01-01,Image,"Kick off your @fifaworldcup and find the perfect home base in host cities across Mexico, USA, and Canada.",Book Now,airbnb.com
Amazon,Meta,1765117730992704,2024-12-19,Image,"Shop the latest fashion trends. *May earn commission.","Shop Now",amazon.com
Amazon,Meta,1743270243734881,2025-07-28,Image,"Trending looks and casual essentials. Update your closet with these top Amazon finds.","Shop Now",amazon.com
Amazon,Meta,832442623014500,2025-12-02,Image,"Shop Amazon Influencers' favorite interior design picks.","Shop Now",amazon.com
Amazon,Meta,1525508361831631,2025-12-02,Image,"Shop women's style favorites, curated by Amazon Influencers.","Shop Now",amazon.com
Amazon,Meta,1939418870155362,2025-07-28,Image,"Discover top-rated home finds.","Shop Now",amazon.com
Amazon,Meta,3696944990600196,2025-07-28,Image,"From sneakers to stilettos, check out these top Amazon finds.","Shop Now",amazon.com
Royal Kingdom,Meta,879803028052516,2025-12-09,Video,"No ADS and FREE 👉","Install Now",itunes.apple.com
Royal Kingdom,Meta,1904968013729779,2025-12-09,Video,"⭐️ No ADS ⭐","Install Now",itunes.apple.com
Royal Kingdom,Meta,1236073424695307,2025-06-18,Video,"⭐️ No ADS ⭐","Install Now",itunes.apple.com
Royal Kingdom,Meta,780351431627211,2025-09-23,Video,"No ADS and FREE 👉","Install Now",itunes.apple.com
Royal Kingdom,Meta,817042017630198,2025-11-18,Video,"⭐️ No ADS ⭐","Install Now",itunes.apple.com
SortPuz,Meta,2508085302661442,2022-05-20,Video,"SortPuz puzzle challenge awaits you.","Install Now",itunes.apple.com
SortPuz,Meta,1195664207973583,2022-12-03,Video,"SortPuz addictive puzzle gameplay.","Install Now",itunes.apple.com
SortPuz,Meta,829076171712809,2022-12-03,Video,"SortPuz brain teasing puzzle fun.","Install Now",itunes.apple.com
Last Z: Survival Shooter,Meta,812214434654653,2025-10-11,Video,"Many failed before! Think you can do better?","Install Now",itunes.apple.com
Last Z: Survival Shooter,Meta,24243690841973402,2025-11-24,Video,"Many failed before! Think you can do better?","Install Now",itunes.apple.com
Last Z: Survival Shooter,Meta,1888360665119011,2026-01-05,Video,"Many failed before! Think you can do better?","Install Now",itunes.apple.com
Coca-Cola,Meta,1975397906525654,2026-01-05,Image,"Sign up for your chance to win big prizes. FIFA World Cup 26™ tix, signed gear, gift cards, and more are all in play.","Learn More","coca-cola.com"
Coca-Cola,Meta,2117517905745016,2026-01-05,Image,"Sign up for your chance to win big prizes. FIFA World Cup 26™ tix, signed gear, gift cards, and more are all in play.","Learn More","coca-cola.com"

Canva,Meta,1397212931926621,2026-01-01,Image,"Canva’s video templates aren’t made for scrolling past. They’re designed to convert. All that’s missing is for you to make them your own.","Learn More","canva.com"
Canva,Meta,1165882955745965,2026-01-01,Image,"One scroll through Canva’s templates and you’ll never run out of content ideas.","Learn More","canva.com"
Canva,Meta,1874242836857729,2026-01-01,Image,"Presentation day? It’s your moment. Own it with Canva templates that help you shine without stressing over layout design.","Learn More","canva.com"

ŌURA,Meta,1453086799503335,2025-12-20,Image,"For those looking to learn more about their body, including everything from sleep to stress levels, there’s one ring that can do it all.","Learn More","ouraring.com"
ŌURA,Meta,1358909335409922,2025-12-20,Image,"Make health a daily practice with Oura Ring 4. Get insights into your sleep, heart health, stress, activity, and more.","Learn More","ouraring.com"
ŌURA,Meta,1236774921845338,2025-12-20,Image,"Crafted for style, engineered for accuracy. Oura Ring 4 Ceramic brings advanced sleep, stress, and heart health insights in a design made to last.","Learn More","ouraring.com"

Shopee,Meta,336643329440633,2024-05-13,Image,"Com a Garantia Shopee você tem direito à reembolso e sua compra fica mais segura. Baixe o app agora!","Install Now","shopee.com"
Apple,Meta,1160423556207534,2025-11-05,Image,"Save on a new iPhone 17, iPhone Air, or iPhone 17 Pro by trading in your Android phone.","Learn More",apple.com
Apple,Meta,1596752948346192,2025-12-28,Image,"Save on a new iPhone 17, iPhone Air, or iPhone 17 Pro by trading in your Android phone.","Learn More",apple.com
Apple,Meta,750135924181951,2025-12-28,Image,"Save on a new iPhone 17, iPhone Air, or iPhone 17 Pro by trading in your current iPhone.","Learn More",apple.com
Apple,Meta,1306130384892382,2026-01-16,Image,"Next-generation performance meets powerful on-device AI.","Learn More",apple.com
Coca-Cola,Meta,1975397906525654,2026-01-05,Image,"Sign up for your chance to win big prizes. FIFA World Cup 26™ tix, signed gear, gift cards, and more are all in play.","Learn More",cokeurl.com
Coca-Cola,Meta,2117517905745016,2026-01-05,Image,"Sign up for your chance to win big prizes. FIFA World Cup 26™ tix, signed gear, gift cards, and more are all in play.","Learn More",cokeurl.com
Nike,Meta,1016451784037642,2025-06-20,Image,"Get the gear that goes hard on and off the field.","Shop Now",nike.com
Nike,Meta,1700063364126216,2024-10-09,Image,"Shop our best offers online NOW and get FREE standard delivery on orders over €70!","Shop Now",nike.com
Shopee,Meta,336643329440633,2024-05-13,Image,"Com a Garantia Shopee você tem direito à reembolso e sua compra fica mais segura. Baixe o app agora!","Install Now",shopee.com
Shopee,Meta,1397212931926621,2026-01-01,Image,"Baixe o app agora e aproveite ofertas exclusivas com garantia Shopee!","Install Now",shopee.com
SCOTTeVEST,Meta,841334971179178,2024-10-14,Image,"Pockets for your passport, phone, wallet, water bottle, iPad, keys and so much more.","Shop Now",scottevest.com
SCOTTeVEST,Meta,1192180238749624,2024-10-14,Image,"Pockets for your passport, phone, wallet, water bottle, iPad, keys and so much more.","Shop Now",scottevest.com
SCOTTeVEST,Meta,1928370521053399,2025-11-12,Image,"How would you use more pockets? For us, it's about smarter travel, less baggage fees, and quick access to all our things.","Shop Now",scottevest.com
SCOTTeVEST,Meta,925049167141658,2026-01-22,Image,"The Evorev isn’t just another jacket, it’s the culmination of 25 years of pocket science. Carry everything you need hands-free.","Shop Now",scottevest.com
SUAVS,Meta,2310436316064795,2025-09-23,Video,"Meet the Zilker sneaker: The most comfortable shoe on the planet. Wear them anywhere, even sockless.","Shop Now",suavs.com
SUAVS,Meta,4051111908537428,2025-09-08,Video,"The only shoes you need for travel. Lightweight. Breathable. Washable. Packable.","Shop Now",suavs.com
Polk Audio,Meta,1607424203577956,2025-11-18,Video,"A massive upgrade that delivers exceptional audio at an approachable price. Check out Polk Signa S4.","Shop Now",polkaudio.com
Polk Audio,Meta,1943425789776505,2025-09-18,Image,"Polk sound bars deliver powerful, immersive audio for movies, music, and games.","Shop Now",polkaudio.com
Rappi,Meta,832064069560072,2025-11-05,Video,"La forma de registrar tu restaurante en Rappi cambió… ¡para mejor! Regístrate fácilmente ahora.","Install Now",rappi.com
JapanWireless,Meta,1599001074429645,2025-11-19,Video,"Unlimited data, full-speed 5G, and setup in minutes. Your best travel buddy in Japan.","Learn More",japanwireless.com
Tile Club,Meta,4220848294865860,2025-06-30,Video,"The only puzzle game you need.","Install Now",itunes.apple.com
Tile Club,Meta,1805851743369634,2025-09-25,Video,"Play the best tile game ever! Are you ready to take your love for tiles to a new level?","Install Now",itunes.apple.com
Tile Club,Meta,869434859373216,2025-12-15,Video,"Your 10-Min Brain Boost! Daily Moment of Zen.","Install Now",itunes.apple.com
Tile Club,Meta,641611348952169,2025-07-31,Video,"Play Now For Free. The only puzzle game you need.","Install Now",itunes.apple.com
